Language,Country,Speakers_millions,Language_family,Status
English,United Kingdom,1500,Indo-European,Official
Mandarin,China,1180,Sino-Tibetan,Official
Hindi,India,610,Indo-European,Official
Spanish,Spain,560,Indo-European,Official
French,France,321,Indo-European,Official
Arabic,Egypt,380,Afro-Asiatic,Official
Bengali,Bangladesh,273,Indo-European,Official
Portuguese,Brazil,264,Indo-European,Official
Russian,Russia,255,Indo-European,Official
Urdu,Pakistan,246,Indo-European,Official
Indonesian,Indonesia,199,Austronesian,Official
German,Germany,135,Indo-European,Official
Japanese,Japan,125,Japonic,Official
Marathi,India,99,Indo-European,Official
Telugu,India,96,Dravidian,Official
Turkish,Turkey,90,Turkic,Official
Tamil,India,86,Dravidian,Official
Vietnamese,Vietnam,85,Austroasiatic,Official
Korean,South Korea,82,Koreanic,Official
Tagalog,Philippines,82,Austronesian,Official
Persian,Iran,77,Indo-European,Official
Hausa,Nigeria,57,Afro-Asiatic,Official
Italian,Italy,68,Indo-European,Official
Dutch,Netherlands,25,Indo-European,Official
Swedish,Sweden,13,Indo-European,Official
